1,100
2,100
3,100
4,100
5,100
6,100
7,100
8,99.999
9,99.999
10,99.999
11,99.999
12,99.999
13,99.999
14,99.998
15,99.998
16,99.998
17,99.998
18,99.997
19,99.997
20,99.997
21,99.996
22,99.996
23,99.995
24,99.995
25,99.995
26,99.994
27,99.994
28,99.993
29,99.993
30,99.992
31,99.992
32,99.991
33,99.991
34,99.99
35,99.99
36,99.989
37,99.988
38,99.988
39,99.987
40,99.987
41,99.986
42,99.985
43,99.984
44,99.984
45,99.983
46,99.982
47,99.981
48,99.981
49,99.98
50,99.979
51,99.978
52,99.977
53,99.977
54,99.976
55,99.975
56,99.974
57,99.973
58,99.972
59,99.971
60,99.97
61,99.969
62,99.968
63,99.967
64,99.966
65,99.965
66,99.964
67,99.963
68,99.961
69,99.96
70,99.959
71,99.958
72,99.957
73,99.956
74,99.954
75,99.953
76,99.952
77,99.951
78,99.949
79,99.948
80,99.947
81,99.945
82,99.944
83,99.943
84,99.941
85,99.94
86,99.939
87,99.937
88,99.936
89,99.934
90,99.933
91,99.931
92,99.93
93,99.928
94,99.927
95,99.925
96,99.924
97,99.922
98,99.92
99,99.919
100,99.917
101,99.915
102,99.914
103,99.912
104,99.91
105,99.909
106,99.907
107,99.905
108,99.903
109,99.902
110,99.9
111,99.898
112,99.896
113,99.894
114,99.892
115,99.89
116,99.889
117,99.887
118,99.885
119,99.883
120,99.881
121,99.879
122,99.877
123,99.875
124,99.873
125,99.871
126,99.869
127,99.867
128,99.864
129,99.862
130,99.86
131,99.858
132,99.856
133,99.854
134,99.852
135,99.849
136,99.847
137,99.845
138,99.843
139,99.84
140,99.838
141,99.836
142,99.833
143,99.831
144,99.829
145,99.826
146,99.824
147,99.821
148,99.819
149,99.817
150,99.814
151,99.812
152,99.809
153,99.807
154,99.804
155,99.802
156,99.799
157,99.796
158,99.794
159,99.791
160,99.789
161,99.786
162,99.783
163,99.781
164,99.778
165,99.775
166,99.772
167,99.77
168,99.767
169,99.764
170,99.761
171,99.759
172,99.756
173,99.753
174,99.75
175,99.747
176,99.744
177,99.741
178,99.738
179,99.735
180,99.733
181,99.73
182,99.727
183,99.724
184,99.721
185,99.718
186,99.714
187,99.711
188,99.708
189,99.705
190,99.702
191,99.699
192,99.696
193,99.693
194,99.689
195,99.686
196,99.683
197,99.68
198,99.677
199,99.673
200,99.67
201,99.667
202,99.663
203,99.66
204,99.657
205,99.653
206,99.65
207,99.647
208,99.643
209,99.64
210,99.636
211,99.633
212,99.629
213,99.626
214,99.622
215,99.619
216,99.615
217,99.612
218,99.608
219,99.604
220,99.601
221,99.597
222,99.594
223,99.59
224,99.586
225,99.583
226,99.579
227,99.575
228,99.571
229,99.568
230,99.564
231,99.56
232,99.556
233,99.552
234,99.549
235,99.545
236,99.541
237,99.537
238,99.533
239,99.529
240,99.525
241,99.521
242,99.517
243,99.513
244,99.509
245,99.505
246,99.501
247,99.497
248,99.493
249,99.489
250,99.485
251,99.481
252,99.477
253,99.472
254,99.468
255,99.464
256,99.46
257,99.456
258,99.451
259,99.447
260,99.443
261,99.439
262,99.434
263,99.43
264,99.426
265,99.421
266,99.417
267,99.413
268,99.408
269,99.404
270,99.399
271,99.395
272,99.39
273,99.386
274,99.381
275,99.377
276,99.372
277,99.368
278,99.363
279,99.359
280,99.354
281,99.349
282,99.345
283,99.34
284,99.336
285,99.331
286,99.326
287,99.321
288,99.317
289,99.312
290,99.307
291,99.302
292,99.298
293,99.293
294,99.288
295,99.283
296,99.278
297,99.273
298,99.269
299,99.264
300,99.259
301,99.254
302,99.249
303,99.244
304,99.239
305,99.234
306,99.229
307,99.224
308,99.219
309,99.214
310,99.209
311,99.203
312,99.198
313,99.193
314,99.188
315,99.183
316,99.178
317,99.172
318,99.167
319,99.162
320,99.157
321,99.151
322,99.146
323,99.141
324,99.136
325,99.13
326,99.125
327,99.119
328,99.114
329,99.109
330,99.103
331,99.098
332,99.092
333,99.087
334,99.081
335,99.076
336,99.07
337,99.065
338,99.059
339,99.054
340,99.048
341,99.043
342,99.037
343,99.031
344,99.026
345,99.02
346,99.014
347,99.009
348,99.003
349,98.997
350,98.991
351,98.986
352,98.98
353,98.974
354,98.968
355,98.962
356,98.957
357,98.951
358,98.945
359,98.939
360,98.933
361,98.927
362,98.921
363,98.915
364,98.909
365,98.903
366,98.897
367,98.891
368,98.885
369,98.879
370,98.873
371,98.867
372,98.861
373,98.855
374,98.849
375,98.842
376,98.836
377,98.83
378,98.824
379,98.818
380,98.811
381,98.805
382,98.799
383,98.793
384,98.786
385,98.78
386,98.774
387,98.767
388,98.761
389,98.755
390,98.748
391,98.742
392,98.735
393,98.729
394,98.722
395,98.716
396,98.709
397,98.703
398,98.696
399,98.69
400,98.683
401,98.677
402,98.67
403,98.663
404,98.657
405,98.65
406,98.643
407,98.637
408,98.63
409,98.623
410,98.617
411,98.61
412,98.603
413,98.596
414,98.589
415,98.583
416,98.576
417,98.569
418,98.562
419,98.555
420,98.548
421,98.541
422,98.535
423,98.528
424,98.521
425,98.514
426,98.507
427,98.5
428,98.493
429,98.486
430,98.478
431,98.471
432,98.464
433,98.457
434,98.45
435,98.443
436,98.436
437,98.429
438,98.421
439,98.414
440,98.407
441,98.4
442,98.392
443,98.385
444,98.378
445,98.371
446,98.363
447,98.356
448,98.349
449,98.341
450,98.334
451,98.326
452,98.319
453,98.312
454,98.304
455,98.297
456,98.289
457,98.282
458,98.274
459,98.267
460,98.259
461,98.251
462,98.244
463,98.236
464,98.229
465,98.221
466,98.213
467,98.206
468,98.198
469,98.19
470,98.183
471,98.175
472,98.167
473,98.159
474,98.152
475,98.144
476,98.136
477,98.128
478,98.12
479,98.112
480,98.105
481,98.097
482,98.089
483,98.081
484,98.073
485,98.065
486,98.057
487,98.049
488,98.041
489,98.033
490,98.025
491,98.017
492,98.009
493,98.001
494,97.992
495,97.984
496,97.976
497,97.968
498,97.96
499,97.952
500,97.943
501,97.935
502,97.927
503,97.919
504,97.91
505,97.902
506,97.894
507,97.886
508,97.877
509,97.869
510,97.86
511,97.852
512,97.844
513,97.835
514,97.827
515,97.818
516,97.81
517,97.801
518,97.793
519,97.784
520,97.776
521,97.767
522,97.759
523,97.75
524,97.742
525,97.733
526,97.724
527,97.716
528,97.707
529,97.698
530,97.69
531,97.681
532,97.672
533,97.663
534,97.655
535,97.646
536,97.637
537,97.628
538,97.619
539,97.61
540,97.602
541,97.593
542,97.584
543,97.575
544,97.566
545,97.557
546,97.548
547,97.539
548,97.53
549,97.521
550,97.512
551,97.503
552,97.494
553,97.485
554,97.476
555,97.467
556,97.458
557,97.448
558,97.439
559,97.43
560,97.421
561,97.412
562,97.402
563,97.393
564,97.384
565,97.375
566,97.365
567,97.356
568,97.347
569,97.337
570,97.328
571,97.319
572,97.309
573,97.3
574,97.29
575,97.281
576,97.271
577,97.262
578,97.253
579,97.243
580,97.233
581,97.224
582,97.214
583,97.205
584,97.195
585,97.186
586,97.176
587,97.166
588,97.157
589,97.147
590,97.137
591,97.128
592,97.118
593,97.108
594,97.098
595,97.089
596,97.079
597,97.069
598,97.059
599,97.049
600,97.04
601,97.03
602,97.02
603,97.01
604,97
605,96.99
606,96.98
607,96.97
608,96.96
609,96.95
610,96.94
611,96.93
612,96.92
613,96.91
614,96.9
615,96.89
616,96.88
617,96.87
618,96.859
619,96.849
620,96.839
621,96.829
622,96.819
623,96.808
624,96.798
625,96.788
626,96.778
627,96.767
628,96.757
629,96.747
630,96.736
631,96.726
632,96.716
633,96.705
634,96.695
635,96.684
636,96.674
637,96.664
638,96.653
639,96.643
640,96.632
641,96.622
642,96.611
643,96.6
644,96.59
645,96.579
646,96.569
647,96.558
648,96.547
649,96.537
650,96.526
651,96.515
652,96.505
653,96.494
654,96.483
655,96.472
656,96.462
657,96.451
658,96.44
659,96.429
660,96.418
661,96.408
662,96.397
663,96.386
664,96.375
665,96.364
666,96.353
667,96.342
668,96.331
669,96.32
670,96.309
671,96.298
672,96.287
673,96.276
674,96.265
675,96.254
676,96.243
677,96.232
678,96.221
679,96.209
680,96.198
681,96.187
682,96.176
683,96.165
684,96.153
685,96.142
686,96.131
687,96.12
688,96.108
689,96.097
690,96.086
691,96.074
692,96.063
693,96.052
694,96.04
695,96.029
696,96.017
697,96.006
698,95.994
699,95.983
700,95.971
701,95.96
702,95.948
703,95.937
704,95.925
705,95.914
706,95.902
707,95.891
708,95.879
709,95.867
710,95.856
711,95.844
712,95.832
713,95.821
714,95.809
715,95.797
716,95.785
717,95.774
718,95.762
719,95.75
720,95.738
721,95.726
722,95.714
723,95.703
724,95.691
725,95.679
726,95.667
727,95.655
728,95.643
729,95.631
730,95.619
731,95.607
732,95.595
733,95.583
734,95.571
735,95.559
736,95.547
737,95.535
738,95.523
739,95.51
740,95.498
741,95.486
742,95.474
743,95.462
744,95.449
745,95.437
746,95.425
747,95.413
748,95.4
749,95.388
750,95.376
751,95.364
752,95.351
753,95.339
754,95.326
755,95.314
756,95.302
757,95.289
758,95.277
759,95.264
760,95.252
761,95.239
762,95.227
763,95.214
764,95.202
765,95.189
766,95.177
767,95.164
768,95.151
769,95.139
770,95.126
771,95.113
772,95.101
773,95.088
774,95.075
775,95.063
776,95.05
777,95.037
778,95.024
779,95.012
780,94.999
781,94.986
782,94.973
783,94.96
784,94.947
785,94.934
786,94.922
787,94.909
788,94.896
789,94.883
790,94.87
791,94.857
792,94.844
793,94.831
794,94.818
795,94.805
796,94.792
797,94.779
798,94.765
799,94.752
800,94.739
801,94.726
802,94.713
803,94.7
804,94.686
805,94.673
806,94.66
807,94.647
808,94.634
809,94.62
810,94.607
811,94.594
812,94.58
813,94.567
814,94.554
815,94.54
816,94.527
817,94.513
818,94.5
819,94.486
820,94.473
821,94.46
822,94.446
823,94.433
824,94.419
825,94.405
826,94.392
827,94.378
828,94.365
829,94.351
830,94.337
831,94.324
832,94.31
833,94.296
834,94.283
835,94.269
836,94.255
837,94.242
838,94.228
839,94.214
840,94.2
841,94.186
842,94.173
843,94.159
844,94.145
845,94.131
846,94.117
847,94.103
848,94.089
849,94.075
850,94.061
851,94.047
852,94.033
853,94.019
854,94.005
855,93.991
856,93.977
857,93.963
858,93.949
859,93.935
860,93.921
861,93.907
862,93.893
863,93.879
864,93.864
865,93.85
866,93.836
867,93.822
868,93.807
869,93.793
870,93.779
871,93.765
872,93.75
873,93.736
874,93.722
875,93.707
876,93.693
877,93.678
878,93.664
879,93.65
880,93.635
881,93.621
882,93.606
883,93.592
884,93.577
885,93.563
886,93.548
887,93.534
888,93.519
889,93.504
890,93.49
891,93.475
892,93.46
893,93.446
894,93.431
895,93.416
896,93.402
897,93.387
898,93.372
899,93.357
900,93.343
901,93.328
902,93.313
903,93.298
904,93.283
905,93.269
906,93.254
907,93.239
908,93.224
909,93.209
910,93.194
911,93.179
912,93.164
913,93.149
914,93.134
915,93.119
916,93.104
917,93.089
918,93.074
919,93.059
920,93.044
921,93.029
922,93.013
923,92.998
924,92.983
925,92.968
926,92.953
927,92.937
928,92.922
929,92.907
930,92.892
931,92.876
932,92.861
933,92.846
934,92.83
935,92.815
936,92.8
937,92.784
938,92.769
939,92.754
940,92.738
941,92.723
942,92.707
943,92.692
944,92.676
945,92.661
946,92.645
947,92.63
948,92.614
949,92.598
950,92.583
951,92.567
952,92.552
953,92.536
954,92.52
955,92.505
956,92.489
957,92.473
958,92.457
959,92.442
960,92.426
961,92.41
962,92.394
963,92.379
964,92.363
965,92.347
966,92.331
967,92.315
968,92.299
969,92.283
970,92.267
971,92.252
972,92.236
973,92.22
974,92.204
975,92.188
976,92.172
977,92.156
978,92.139
979,92.123
980,92.107
981,92.091
982,92.075
983,92.059
984,92.043
985,92.027
986,92.01
987,91.994
988,91.978
989,91.962
990,91.945
991,91.929
992,91.913
993,91.897
994,91.88
995,91.864
996,91.848
997,91.831
998,91.815
999,91.798
1000,91.782
1001,91.766
1002,91.749
1003,91.733
1004,91.716
1005,91.7
1006,91.683
1007,91.667
1008,91.65
1009,91.633
1010,91.617
1011,91.6
1012,91.584
1013,91.567
1014,91.55
1015,91.534
1016,91.517
1017,91.5
1018,91.484
1019,91.467
1020,91.45
1021,91.433
1022,91.417
1023,91.4
1024,91.383
1025,91.366
1026,91.349
1027,91.332
1028,91.316
1029,91.299
1030,91.282
1031,91.265
1032,91.248
1033,91.231
1034,91.214
1035,91.197
1036,91.18
1037,91.163
1038,91.146
1039,91.129
1040,91.112
1041,91.095
1042,91.078
1043,91.06
1044,91.043
1045,91.026
1046,91.009
1047,90.992
1048,90.975
1049,90.957
1050,90.94
1051,90.923
1052,90.906
1053,90.888
1054,90.871
1055,90.854
1056,90.836
1057,90.819
1058,90.802
1059,90.784
1060,90.767
1061,90.749
1062,90.732
1063,90.714
1064,90.697
1065,90.68
1066,90.662
1067,90.644
1068,90.627
1069,90.609
1070,90.592
1071,90.574
1072,90.557
1073,90.539
1074,90.521
1075,90.504
1076,90.486
1077,90.468
1078,90.451
1079,90.433
1080,90.415
1081,90.397
1082,90.38
1083,90.362
1084,90.344
1085,90.326
1086,90.309
1087,90.291
1088,90.273
1089,90.255
1090,90.237
1091,90.219
1092,90.201
1093,90.183
1094,90.165
1095,90.147
1096,90.129
1097,90.111
1098,90.093
1099,90.075
1100,90.057
1101,90.039
1102,90.021
1103,90.003
1104,89.985
1105,89.967
1106,89.948
1107,89.93
1108,89.912
1109,89.894
1110,89.876
1111,89.857
1112,89.839
1113,89.821
1114,89.803
1115,89.784
1116,89.766
1117,89.748
1118,89.729
1119,89.711
1120,89.692
1121,89.674
1122,89.656
1123,89.637
1124,89.619
1125,89.6
1126,89.582
1127,89.563
1128,89.545
1129,89.526
1130,89.508
1131,89.489
1132,89.47
1133,89.452
1134,89.433
1135,89.415
1136,89.396
1137,89.377
1138,89.359
1139,89.34
1140,89.321
1141,89.302
1142,89.284
1143,89.265
1144,89.246
1145,89.227
1146,89.209
1147,89.19
1148,89.171
1149,89.152
1150,89.133
1151,89.114
1152,89.095
1153,89.076
1154,89.057
1155,89.038
1156,89.019
1157,89
1158,88.981
1159,88.962
1160,88.943
1161,88.924
1162,88.905
1163,88.886
1164,88.867
1165,88.848
1166,88.829
1167,88.81
1168,88.79
1169,88.771
1170,88.752
1171,88.733
1172,88.714
1173,88.694
1174,88.675
1175,88.656
1176,88.636
1177,88.617
1178,88.598
1179,88.578
1180,88.559
1181,88.54
1182,88.52
1183,88.501
1184,88.481
1185,88.462
1186,88.442
1187,88.423
1188,88.403
1189,88.384
1190,88.364
1191,88.345
1192,88.325
1193,88.306
1194,88.286
1195,88.266
1196,88.247
1197,88.227
1198,88.207
1199,88.188
1200,88.168
1201,88.148
1202,88.129
1203,88.109
1204,88.089
1205,88.069
1206,88.049
1207,88.03
1208,88.01
1209,87.99
1210,87.97
1211,87.95
1212,87.93
1213,87.91
1214,87.89
1215,87.871
1216,87.851
1217,87.831
1218,87.811
1219,87.791
1220,87.771
1221,87.75
1222,87.73
1223,87.71
1224,87.69
1225,87.67
1226,87.65
1227,87.63
1228,87.61
1229,87.59
1230,87.569
1231,87.549
1232,87.529
1233,87.509
1234,87.488
1235,87.468
1236,87.448
1237,87.427
1238,87.407
1239,87.387
1240,87.366
1241,87.346
1242,87.326
1243,87.305
1244,87.285
1245,87.264
1246,87.244
1247,87.223
1248,87.203
1249,87.182
1250,87.162
1251,87.141
1252,87.121
1253,87.1
1254,87.08
1255,87.059
1256,87.038
1257,87.018
1258,86.997
1259,86.976
1260,86.956
1261,86.935
1262,86.914
1263,86.894
1264,86.873
1265,86.852
1266,86.831
1267,86.811
1268,86.79
1269,86.769
1270,86.748
1271,86.727
1272,86.706
1273,86.685
1274,86.664
1275,86.644
1276,86.623
1277,86.602
1278,86.581
1279,86.56
1280,86.539
1281,86.518
1282,86.496
1283,86.475
1284,86.454
1285,86.433
1286,86.412
1287,86.391
1288,86.37
1289,86.349
1290,86.328
1291,86.306
1292,86.285
1293,86.264
1294,86.243
1295,86.221
1296,86.2
1297,86.179
1298,86.157
1299,86.136
1300,86.115
1301,86.093
1302,86.072
1303,86.051
1304,86.029
1305,86.008
1306,85.986
1307,85.965
1308,85.943
1309,85.922
1310,85.9
1311,85.879
1312,85.857
1313,85.836
1314,85.814
1315,85.793
1316,85.771
1317,85.749
1318,85.728
1319,85.706
1320,85.684
1321,85.663
1322,85.641
1323,85.619
1324,85.598
1325,85.576
1326,85.554
1327,85.532
1328,85.51
1329,85.489
1330,85.467
1331,85.445
1332,85.423
1333,85.401
1334,85.379
1335,85.357
1336,85.335
1337,85.313
1338,85.291
1339,85.27
1340,85.248
1341,85.225
1342,85.203
1343,85.181
1344,85.159
1345,85.137
1346,85.115
1347,85.093
1348,85.071
1349,85.049
1350,85.027
1351,85.004
1352,84.982
1353,84.96
1354,84.938
1355,84.916
1356,84.893
1357,84.871
1358,84.849
1359,84.826
1360,84.804
1361,84.782
1362,84.759
1363,84.737
1364,84.715
1365,84.692
1366,84.67
1367,84.647
1368,84.625
1369,84.602
1370,84.58
1371,84.557
1372,84.535
1373,84.512
1374,84.49
1375,84.467
1376,84.444
1377,84.422
1378,84.399
1379,84.377
1380,84.354
1381,84.331
1382,84.309
1383,84.286
1384,84.263
1385,84.24
1386,84.218
1387,84.195
1388,84.172
1389,84.149
1390,84.126
1391,84.104
1392,84.081
1393,84.058
1394,84.035
1395,84.012
1396,83.989
1397,83.966
1398,83.943
1399,83.92
1400,83.897
1401,83.874
1402,83.851
1403,83.828
1404,83.805
1405,83.782
1406,83.759
1407,83.736
1408,83.713
1409,83.69
1410,83.667
1411,83.643
1412,83.62
1413,83.597
1414,83.574
1415,83.551
1416,83.527
1417,83.504
1418,83.481
1419,83.457
1420,83.434
1421,83.411
1422,83.387
1423,83.364
1424,83.341
1425,83.317
1426,83.294
1427,83.27
1428,83.247
1429,83.224
1430,83.2
1431,83.177
1432,83.153
1433,83.13
1434,83.106
1435,83.082
1436,83.059
1437,83.035
1438,83.012
1439,82.988
1440,82.964
1441,82.941
1442,82.917
1443,82.893
1444,82.87
1445,82.846
1446,82.822
1447,82.798
1448,82.775
1449,82.751
1450,82.727
1451,82.703
1452,82.679
1453,82.655
1454,82.632
1455,82.608
1456,82.584
1457,82.56
1458,82.536
1459,82.512
1460,82.488
1461,82.463
1462,82.439
1463,82.415
1464,82.392
1465,82.367
1466,82.343
1467,82.321
1468,82.296
1469,82.272
1470,82.249
1471,82.224
1472,82.201
1473,82.174
1474,82.15
1475,82.127
1476,82.1
1477,82.078
1478,82.056
1479,82.033
1480,82.011
1481,81.986
1482,81.961
1483,81.936
1484,81.913
1485,81.891
1486,81.865
1487,81.842
1488,81.816
1489,81.793
1490,81.769
1491,81.743
1492,81.72
1493,81.695
1494,81.669
1495,81.644
1496,81.619
1497,81.596
1498,81.573
1499,81.551
1500,81.529
1501,81.507
1502,81.482
1503,81.46
1504,81.435
1505,81.41
1506,81.387
1507,81.36
1508,81.334
1509,81.309
1510,81.283
1511,81.26
1512,81.236
1513,81.214
1514,81.189
1515,81.167
1516,81.144
1517,81.121
1518,81.095
1519,81.071
1520,81.047
1521,81.022
1522,80.996
1523,80.971
1524,80.947
1525,80.922
1526,80.896
1527,80.872
1528,80.846
1529,80.824
1530,80.799
1531,80.777
1532,80.752
1533,80.729
1534,80.706
1535,80.68
1536,80.657
1537,80.63
1538,80.607
1539,80.585
1540,80.561
1541,80.537
1542,80.514
1543,80.489
1544,80.466
1545,80.441
1546,80.419
1547,80.394
1548,80.37
1549,80.346
1550,80.32
1551,80.297
1552,80.271
1553,80.245
1554,80.219
1555,80.194
1556,80.172
1557,80.148
1558,80.126
1559,80.104
1560,80.079
1561,80.054
1562,80.03
1563,80.005
1564,79.983
1565,79.958
1566,79.936
1567,79.912
1568,79.889
1569,79.864
1570,79.838
1571,79.813
1572,79.789
1573,79.762
1574,79.739
1575,79.714
1576,79.691
1577,79.668
1578,79.642
1579,79.617
1580,79.593
1581,79.567
1582,79.541
1583,79.515
1584,79.493
1585,79.471
1586,79.447
1587,79.422
1588,79.398
1589,79.376
1590,79.353
1591,79.331
1592,79.308
1593,79.282
1594,79.26
1595,79.234
1596,79.208
1597,79.185
1598,79.161
1599,79.137
1600,79.113
1601,79.087
1602,79.062
1603,79.036
1604,79.014
1605,78.988
1606,78.962
1607,78.939
1608,78.914
1609,78.888
1610,78.865
1611,78.842
1612,78.82
1613,78.795
1614,78.77
1615,78.746
1616,78.723
1617,78.7
1618,78.678
1619,78.652
1620,78.627
1621,78.603
1622,78.581
1623,78.556
1624,78.534
1625,78.509
1626,78.484
1627,78.462
1628,78.44
1629,78.417
1630,78.393
1631,78.368
1632,78.346
1633,78.323
1634,78.297
1635,78.271
1636,78.246
1637,78.223
1638,78.2
1639,78.178
1640,78.153
1641,78.129
1642,78.104
1643,78.078
1644,78.056
1645,78.033
1646,78.008
1647,77.982
1648,77.958
1649,77.931
1650,77.908
1651,77.883
1652,77.86
1653,77.835
1654,77.811
1655,77.785
1656,77.759
1657,77.733
1658,77.708
1659,77.682
1660,77.657
1661,77.631
1662,77.605
1663,77.579
1664,77.557
1665,77.532
1666,77.509
1667,77.484
1668,77.462
1669,77.44
1670,77.418
1671,77.394
1672,77.371
1673,77.346
1674,77.321
1675,77.295
1676,77.27
1677,77.248
1678,77.222
1679,77.2
1680,77.176
1681,77.153
1682,77.129
1683,77.104
1684,77.082
1685,77.057
1686,77.033
1687,77.011
1688,76.989
1689,76.964
1690,76.939
1691,76.917
1692,76.891
1693,76.869
1694,76.846
1695,76.822
1696,76.799
1697,76.777
1698,76.755
1699,76.732
1700,76.708
1701,76.684
1702,76.659
1703,76.635
1704,76.609
1705,76.582
1706,76.559
1707,76.536
1708,76.51
1709,76.486
1710,76.463
1711,76.44
1712,76.417
1713,76.392
1714,76.366
1715,76.34
1716,76.317
1717,76.294
1718,76.269
1719,76.244
1720,76.22
1721,76.194
1722,76.168
1723,76.142
1724,76.119
1725,76.093
1726,76.068
1727,76.042
1728,76.019
1729,75.995
1730,75.971
1731,75.949
1732,75.926
1733,75.902
1734,75.876
1735,75.851
1736,75.828
1737,75.805
1738,75.778
1739,75.754
1740,75.73
1741,75.707
1742,75.682
1743,75.658
1744,75.632
1745,75.609
1746,75.584
1747,75.559
1748,75.533
1749,75.507
1750,75.485
1751,75.46
1752,75.438
1753,75.413
1754,75.392
1755,75.367
1756,75.341
1757,75.317
1758,75.294
1759,75.272
1760,75.246
1761,75.224
1762,75.199
1763,75.177
1764,75.155
1765,75.132
1766,75.107
1767,75.08
1768,75.055
1769,75.031
1770,75.005
1771,74.983
1772,74.961
1773,74.936
1774,74.912
1775,74.886
1776,74.861
1777,74.837
1778,74.812
1779,74.789
1780,74.767
1781,74.743
1782,74.718
1783,74.696
1784,74.67
1785,74.647
1786,74.625
1787,74.601
1788,74.579
1789,74.554
1790,74.53
1791,74.508
1792,74.483
1793,74.46
1794,74.435
1795,74.41
1796,74.388
1797,74.365
1798,74.341
1799,74.318
1800,74.292
1801,74.267
1802,74.24
1803,74.218
1804,74.192
1805,74.168
1806,74.142
1807,74.119
1808,74.095
1809,74.073
1810,74.048
1811,74.026
1812,74.003
1813,73.977
1814,73.952
1815,73.93
1816,73.904
1817,73.882
1818,73.856
1819,73.833
1820,73.81
1821,73.787
1822,73.765
1823,73.74
1824,73.714
1825,73.691
1826,73.667
1827,73.641
1828,73.615
1829,73.59
1830,73.564
1831,73.542
1832,73.517
1833,73.494
1834,73.471
1835,73.446
1836,73.423
1837,73.399
1838,73.374
1839,73.351
1840,73.326
1841,73.301
1842,73.279
1843,73.255
1844,73.231
1845,73.206
1846,73.181
1847,73.159
1848,73.133
1849,73.11
1850,73.086
1851,73.064
1852,73.039
1853,73.014
1854,72.989
1855,72.965
1856,72.941
1857,72.916
1858,72.893
1859,72.867
1860,72.846
1861,72.822
1862,72.797
1863,72.774
1864,72.75
1865,72.728
1866,72.706
1867,72.68
1868,72.654
1869,72.629
1870,72.606
1871,72.581
1872,72.559
1873,72.533
1874,72.512
1875,72.488
1876,72.465
1877,72.439
1878,72.413
1879,72.39
1880,72.363
1881,72.34
1882,72.315
1883,72.29
1884,72.268
1885,72.243
1886,72.22
1887,72.194
1888,72.169
1889,72.147
1890,72.122
1891,72.096
1892,72.073
1893,72.05
1894,72.027
1895,72.005
1896,71.979
1897,71.957
1898,71.934
1899,71.91
1900,71.884
1901,71.858
1902,71.833
1903,71.81
1904,71.786
1905,71.763
1906,71.738
1907,71.715
1908,71.689
1909,71.667
1910,71.643
1911,71.621
1912,71.595
1913,71.573
1914,71.549
1915,71.523
1916,71.501
1917,71.478
1918,71.453
1919,71.43
1920,71.405
1921,71.38
1922,71.354
1923,71.328
1924,71.303
1925,71.281
1926,71.257
1927,71.234
1928,71.209
1929,71.187
1930,71.164
1931,71.138
1932,71.112
1933,71.089
1934,71.065
1935,71.039
1936,71.015
1937,70.992
1938,70.97
1939,70.947
1940,70.923
1941,70.899
1942,70.877
1943,70.853
1944,70.829
1945,70.807
1946,70.785
1947,70.763
1948,70.741
1949,70.717
1950,70.695
1951,70.67
1952,70.646
1953,70.62
1954,70.598
1955,70.577
1956,70.555
1957,70.529
1958,70.503
1959,70.477
1960,70.453
1961,70.427
1962,70.401
1963,70.375
1964,70.352
1965,70.325
1966,70.302
1967,70.279
1968,70.253
1969,70.227
1970,70.203
1971,70.177
1972,70.154
1973,70.13
1974,70.104
1975,70.081
1976,70.058
1977,70.033
1978,70.01
1979,69.985
1980,69.959
1981,69.935
1982,69.913
1983,69.89
1984,69.866
1985,69.843
1986,69.819
1987,69.795
1988,69.773
1989,69.749
1990,69.727
1991,69.704
1992,69.678
1993,69.655
1994,69.63
1995,69.605
1996,69.581
1997,69.557
1998,69.531
1999,69.508
2000,69.483
2001,69.46
2002,69.434
2003,69.409
2004,69.387
2005,69.361
2006,69.336
2007,69.312
2008,69.289
2009,69.265
2010,69.243
2011,69.217
2012,69.192
2013,69.168
2014,69.142
2015,69.119
2016,69.096
2017,69.073
2018,69.048
2019,69.025
2020,69.002
2021,68.98
2022,68.956
2023,68.93
2024,68.905
2025,68.88
2026,68.856
2027,68.832
2028,68.808
2029,68.786
2030,68.761
2031,68.736
2032,68.714
2033,68.692
2034,68.667
2035,68.641
2036,68.619
2037,68.593
2038,68.569
2039,68.545
2040,68.521
2041,68.495
2042,68.472
2043,68.446
2044,68.42
2045,68.396
2046,68.371
2047,68.349
2048,68.325
2049,68.301
2050,68.276
2051,68.252
2052,68.229
2053,68.204
2054,68.178
2055,68.155
2056,68.131
2057,68.107
2058,68.085
2059,68.061
2060,68.039
2061,68.015
2062,67.993
2063,67.97
2064,67.947
2065,67.92
2066,67.897
2067,67.872
2068,67.849
2069,67.825
2070,67.8
2071,67.776
2072,67.754
2073,67.727
2074,67.702
2075,67.679
2076,67.653
2077,67.627
2078,67.602
2079,67.58
2080,67.557
2081,67.531
2082,67.506
2083,67.48
2084,67.455
2085,67.429
2086,67.407
2087,67.384
2088,67.361
2089,67.338
2090,67.316
2091,67.29
2092,67.265
2093,67.239
2094,67.213
2095,67.187
2096,67.161
2097,67.135
2098,67.111
2099,67.087
2100,67.064
2101,67.038
2102,67.015
2103,66.991
2104,66.966
2105,66.94
2106,66.913
2107,66.888
2108,66.864
2109,66.842
2110,66.817
2111,66.791
2112,66.765
2113,66.743
2114,66.718
2115,66.695
2116,66.669
2117,66.644
2118,66.621
2119,66.596
2120,66.573
2121,66.547
2122,66.526
2123,66.503
2124,66.478
2125,66.455
2126,66.429
2127,66.406
2128,66.384
2129,66.361
2130,66.338
2131,66.314
2132,66.291
2133,66.265
2134,66.239
2135,66.213
2136,66.188
2137,66.166
2138,66.144
2139,66.118
2140,66.095
2141,66.069
2142,66.043
2143,66.017
2144,65.994
2145,65.972
2146,65.95
2147,65.926
2148,65.903
2149,65.878
2150,65.856
2151,65.835
2152,65.809
2153,65.784
2154,65.759
2155,65.733
2156,65.711
2157,65.686
2158,65.66
2159,65.635
2160,65.613
2161,65.591
2162,65.567
2163,65.541
2164,65.516
2165,65.491
2166,65.469
2167,65.444
2168,65.422
2169,65.4
2170,65.377
2171,65.355
2172,65.329
2173,65.307
2174,65.281
2175,65.256
2176,65.232
2177,65.21
2178,65.187
2179,65.161
2180,65.136
2181,65.11
2182,65.085
2183,65.061
2184,65.036
2185,65.012
2186,64.988
2187,64.964
2188,64.938
2189,64.912
2190,64.887
2191,64.866
2192,64.842
2193,64.82
2194,64.795
2195,64.77
2196,64.748
2197,64.725
2198,64.701
2199,64.679
2200,64.654
2201,64.63
2202,64.606
2203,64.582
2204,64.559
2205,64.533
2206,64.51
2207,64.484
2208,64.46
2209,64.435
2210,64.411
2211,64.386
2212,64.364
2213,64.338
2214,64.313
2215,64.289
2216,64.264
2217,64.239
2218,64.213
2219,64.192
2220,64.167
2221,64.141
2222,64.118
2223,64.092
2224,64.066
2225,64.041
2226,64.016
2227,63.993
2228,63.97
2229,63.947
2230,63.924
2231,63.9
2232,63.876
2233,63.854
2234,63.83
2235,63.805
2236,63.782
2237,63.757
2238,63.731
2239,63.706
2240,63.681
2241,63.658
2242,63.635
2243,63.611
2244,63.587
2245,63.562
2246,63.538
2247,63.513
2248,63.491
2249,63.468
2250,63.442
2251,63.416
2252,63.393
2253,63.37
2254,63.347
2255,63.324
2256,63.302
2257,63.277
2258,63.251
2259,63.229
2260,63.205
2261,63.18
2262,63.157
2263,63.135
2264,63.112
2265,63.09
2266,63.066
2267,63.041
2268,63.017
2269,62.994
2270,62.969
2271,62.946
2272,62.924
2273,62.9
2274,62.876
2275,62.854
2276,62.83
2277,62.808
2278,62.783
2279,62.759
2280,62.734
2281,62.711
2282,62.686
2283,62.662
2284,62.636
2285,62.61
2286,62.588
2287,62.565
2288,62.541
2289,62.518
2290,62.494
2291,62.471
2292,62.448
2293,62.425
2294,62.401
2295,62.377
2296,62.351
2297,62.329
2298,62.305
2299,62.28
2300,62.254
2301,62.23
2302,62.208
2303,62.183
2304,62.16
2305,62.135
2306,62.112
2307,62.089
2308,62.065
2309,62.04
2310,62.018
2311,61.993
2312,61.966
2313,61.943
2314,61.919
2315,61.895
2316,61.872
2317,61.849
2318,61.824
2319,61.801
2320,61.777
2321,61.751
2322,61.726
2323,61.702
2324,61.677
2325,61.651
2326,61.626
2327,61.603
2328,61.578
2329,61.554
2330,61.528
2331,61.502
2332,61.478
2333,61.453
2334,61.431
2335,61.408
2336,61.385
2337,61.363
2338,61.339
2339,61.315
2340,61.292
2341,61.267
2342,61.242
2343,61.218
2344,61.193
2345,61.168
2346,61.143
2347,61.118
2348,61.091
2349,61.066
2350,61.043
2351,61.021
2352,60.996
2353,60.973
2354,60.951
2355,60.927
2356,60.902
2357,60.879
2358,60.855
2359,60.829
2360,60.805
2361,60.78
2362,60.755
2363,60.731
2364,60.708
2365,60.685
2366,60.661
2367,60.639
2368,60.617
2369,60.593
2370,60.568
2371,60.546
2372,60.522
2373,60.5
2374,60.475
2375,60.449
2376,60.423
2377,60.4
2378,60.375
2379,60.351
2380,60.328
2381,60.304
2382,60.281
2383,60.259
2384,60.237
2385,60.21
2386,60.189
2387,60.167
2388,60.143
2389,60.117
2390,60.095
2391,60.071
2392,60.046
2393,60.022
2394,59.999
2395,59.977
2396,59.955
2397,59.931
2398,59.908
2399,59.884
2400,59.858
2401,59.833
2402,59.808
2403,59.784
2404,59.76
2405,59.737
2406,59.712
2407,59.69
2408,59.665
2409,59.643
2410,59.621
2411,59.597
2412,59.575
2413,59.549
2414,59.525
2415,59.499
2416,59.473
2417,59.449
2418,59.423
2419,59.4
2420,59.375
2421,59.352
2422,59.328
2423,59.303
2424,59.277
2425,59.251
2426,59.225
2427,59.201
2428,59.178
2429,59.152
2430,59.126
2431,59.101
2432,59.075
2433,59.051
2434,59.026
2435,59.003
2436,58.977
2437,58.954
2438,58.929
2439,58.903
2440,58.881
2441,58.857
2442,58.833
2443,58.807
2444,58.783
2445,58.757
2446,58.732
2447,58.706
2448,58.682
2449,58.657
2450,58.635
2451,58.613
2452,58.59
2453,58.564
2454,58.54
2455,58.515
2456,58.491
2457,58.469
2458,58.444
2459,58.418
2460,58.396
2461,58.37
2462,58.348
2463,58.325
2464,58.303
2465,58.281
2466,58.257
2467,58.236
2468,58.212
2469,58.188
2470,58.163
2471,58.137
2472,58.113
2473,58.09
2474,58.069
2475,58.044
2476,58.019
2477,57.994
2478,57.968
2479,57.945
2480,57.92
2481,57.898
2482,57.874
2483,57.852
2484,57.826
2485,57.804
2486,57.782
2487,57.757
2488,57.734
2489,57.708
2490,57.683
2491,57.659
2492,57.635
2493,57.613
2494,57.59
2495,57.566
2496,57.543
2497,57.517
2498,57.491
2499,57.468
2500,57.443
2501,57.417
2502,57.395
2503,57.369
2504,57.343
2505,57.319
2506,57.295
2507,57.269
2508,57.243
2509,57.217
2510,57.192
2511,57.168
2512,57.144
2513,57.118
2514,57.094
2515,57.072
2516,57.048
2517,57.026
2518,57.004
2519,56.98
2520,56.956
2521,56.933
2522,56.909
2523,56.886
2524,56.863
2525,56.84
2526,56.816
2527,56.792
2528,56.767
2529,56.745
2530,56.72
2531,56.695
2532,56.67
2533,56.648
2534,56.623
2535,56.597
2536,56.574
2537,56.548
2538,56.523
2539,56.499
2540,56.476
2541,56.454
2542,56.431
2543,56.408
2544,56.385
2545,56.363
2546,56.339
2547,56.312
2548,56.287
2549,56.263
2550,56.239
2551,56.214
2552,56.191
2553,56.168
2554,56.145
2555,56.119
2556,56.095
2557,56.071
2558,56.049
2559,56.027
2560,56.005
2561,55.981
2562,55.958
2563,55.936
2564,55.912
2565,55.886
2566,55.862
2567,55.837
2568,55.815
2569,55.79
2570,55.764
2571,55.74
2572,55.714
2573,55.689
2574,55.666
2575,55.64
2576,55.617
2577,55.594
2578,55.57
2579,55.546
2580,55.523
2581,55.501
2582,55.478
2583,55.454
2584,55.429
2585,55.404
2586,55.38
2587,55.356
2588,55.333
2589,55.311
2590,55.287
2591,55.261
2592,55.235
2593,55.212
2594,55.188
2595,55.164
2596,55.138
2597,55.114
2598,55.091
2599,55.067
2600,55.041
2601,55.018
2602,54.996
2603,54.971
2604,54.947
2605,54.922
2606,54.896
2607,54.874
2608,54.848
2609,54.822
2610,54.8
2611,54.777
2612,54.753
2613,54.731
2614,54.706
2615,54.683
2616,54.661
2617,54.636
2618,54.61
2619,54.587
2620,54.562
2621,54.536
2622,54.511
2623,54.487
2624,54.461
2625,54.438
2626,54.414
2627,54.392
2628,54.367
2629,54.345
2630,54.322
2631,54.299
2632,54.274
2633,54.25
2634,54.225
2635,54.202
2636,54.178
2637,54.155
2638,54.132
2639,54.107
2640,54.084
2641,54.059
2642,54.036
2643,54.01
2644,53.989
2645,53.966
2646,53.94
2647,53.918
2648,53.895
2649,53.872
2650,53.85
2651,53.826
2652,53.802
2653,53.776
2654,53.754
2655,53.732
2656,53.705
2657,53.682
2658,53.659
2659,53.635
2660,53.611
2661,53.586
2662,53.562
2663,53.536
2664,53.511
2665,53.486
2666,53.459
2667,53.436
2668,53.412
2669,53.389
2670,53.364
2671,53.341
2672,53.318
2673,53.294
2674,53.272
2675,53.25
2676,53.226
2677,53.203
2678,53.18
2679,53.158
2680,53.132
2681,53.11
2682,53.086
2683,53.061
2684,53.039
2685,53.017
2686,52.991
2687,52.966
2688,52.941
2689,52.918
2690,52.896
2691,52.871
2692,52.848
2693,52.827
2694,52.802
2695,52.779
2696,52.757
2697,52.735
2698,52.709
2699,52.684
2700,52.66
2701,52.638
2702,52.613
2703,52.588
2704,52.563
2705,52.539
2706,52.514
2707,52.491
2708,52.465
2709,52.443
2710,52.417
2711,52.394
2712,52.372
2713,52.348
2714,52.324
2715,52.299
2716,52.277
2717,52.253
2718,52.23
2719,52.207
2720,52.183
2721,52.161
2722,52.137
2723,52.114
2724,52.09
2725,52.067
2726,52.043
2727,52.021
2728,51.997
2729,51.975
2730,51.949
2731,51.927
2732,51.904
2733,51.88
2734,51.855
2735,51.832
2736,51.81
2737,51.785
2738,51.76
2739,51.735
2740,51.712
2741,51.689
2742,51.666
2743,51.641
2744,51.617
2745,51.593
2746,51.568
2747,51.545
2748,51.522
2749,51.498
2750,51.473
2751,51.449
2752,51.424
2753,51.398
2754,51.374
2755,51.349
2756,51.323
2757,51.3
2758,51.278
2759,51.253
2760,51.231
2761,51.207
2762,51.182
2763,51.159
2764,51.136
2765,51.111
2766,51.087
2767,51.061
2768,51.034
2769,51.012
2770,50.986
2771,50.963
2772,50.94
2773,50.918
2774,50.895
2775,50.873
2776,50.848
2777,50.826
2778,50.803
2779,50.779
2780,50.758
2781,50.732
2782,50.711
2783,50.685
2784,50.663
2785,50.641
2786,50.616
2787,50.59
2788,50.565
2789,50.541
2790,50.518
2791,50.495
2792,50.47
2793,50.446
2794,50.423
2795,50.4
2796,50.375
2797,50.351
2798,50.329
2799,50.303
2800,50.281
2801,50.255
2802,50.23
2803,50.203
2804,50.177
2805,50.155
2806,50.133
2807,50.107
2808,50.084
2809,50.062
2810,50.037
2811,50.011
2812,49.986
2813,49.963
2814,49.94
2815,49.916
2816,49.894
2817,49.867
2818,49.843
2819,49.818
2820,49.794
2821,49.77
2822,49.747
2823,49.721
2824,49.697
2825,49.672
2826,49.649
2827,49.625
2828,49.602
2829,49.576
2830,49.553
2831,49.53
2832,49.506
2833,49.481
2834,49.458
2835,49.433
2836,49.411
2837,49.386
2838,49.362
2839,49.336
2840,49.311
2841,49.286
2842,49.264
2843,49.239
2844,49.215
2845,49.19
2846,49.168
2847,49.142
2848,49.119
2849,49.095
2850,49.069
2851,49.045
2852,49.021
2853,48.997
2854,48.974
2855,48.95
2856,48.927
2857,48.905
2858,48.883
2859,48.858
2860,48.832
2861,48.811
2862,48.786
2863,48.763
2864,48.741
2865,48.718
2866,48.695
2867,48.67
2868,48.647
2869,48.623
2870,48.599
2871,48.575
2872,48.551
2873,48.525
2874,48.5
2875,48.478
2876,48.456
2877,48.432
2878,48.408
2879,48.385
2880,48.36
2881,48.336
2882,48.311
2883,48.285
2884,48.259
2885,48.237
2886,48.213
2887,48.187
2888,48.164
2889,48.14
2890,48.116
2891,48.092
2892,48.068
2893,48.043
2894,48.017
2895,47.993
2896,47.967
2897,47.942
2898,47.918
2899,47.895
2900,47.868
2901,47.845
2902,47.821
2903,47.798
2904,47.775
2905,47.75
2906,47.728
2907,47.704
2908,47.682
2909,47.659
2910,47.633
2911,47.607
2912,47.581
2913,47.555
2914,47.531
2915,47.506
2916,47.48
2917,47.456
2918,47.434
2919,47.409
2920,47.383
